{"device":"VM","RR":-4.463096558993129e-14,"VC":8.172557540340536e+27,"PIns":-3.63397281378176e-29,"fio2":-70467665920}