{"device":"VM","RR":-3.249592603124123e+27,"VC":2.9286187840049287e+28,"PIns":1.5121787155791822e-10,"fio2":1.1086948051861805e+22}