{"device":"VM","RR":1.9481757786848908e-19,"VC":7.566449355433548e+19,"PIns":1.1183255215403203e+27,"fio2":-5.0144244596594945e-6}