{"device":"VM","RR":-8.854437155380585e+20,"VC":3.5560278947640344e-36,"PIns":-3.073908190315568e-25,"fio2":2.1326389144715974e-23}